Date,ALLIANCE,BIOPHARM,CAAR,SAIDAL,EGH,NCA,ROUIBA,DAHLI
2025-10-01 22:34:58.646077,420.0,1250.0,3000.0,540.0,1800.0,320.0,210.0,105.0
2025-10-02 22:34:58.646077,419.21293490262156,1276.4366315137788,2982.7634861844713,542.6572876698808,1770.9172985757293,320.5657910545355,201.41860082912245,104.12509107491799
2025-10-03 22:34:58.646077,423.36956868400176,1238.2872602022248,2961.858110933203,531.1752322350949,1840.7300850420568,323.8027387072283,201.09250913201166,106.3959996658044
2025-10-04 22:34:58.646077,433.1263099987434,1226.9139861646038,2931.446079916925,540.6342663755554,1851.457838148044,318.56616044660973,200.59411237112803,106.21950379736327
2025-10-05 22:34:58.646077,431.69166545322804,1258.6152633209847,2933.4460869572777,533.0162183083161,1966.5404326289488,319.66473420476683,207.31319156660953,106.360993282164
2025-10-06 22:34:58.646077,430.2618791929755,1241.4308991363653,2904.4888631566614,534.8019534237778,1925.684307287232,311.6581360583467,210.2317170441792,106.95819470525473
2025-10-07 22:34:58.646077,440.54005767350174,1253.0710376206887,2914.205778104284,569.190849309709,2025.779286469723,311.1588381874712,205.53679918522744,107.01552691421254
2025-10-08 22:34:58.646077,445.69945178266147,1273.1110030816394,2912.740348416042,567.9946961667799,2037.6044155123047,306.2206423949009,213.96176007756844,108.84019626928577
2025-10-09 22:34:58.646077,442.64992452645987,1250.145850934026,2904.6796990434873,584.4846234200354,1997.5806890554832,302.28891052448944,219.75215183897367,108.17338750153147
2025-10-10 22:34:58.646077,446.34091694653114,1249.2826163213724,2873.33598607673,574.3850736061227,1968.3829010521451,309.1356567550394,222.61028117353206,108.39471831694227
2025-10-11 22:34:58.646077,443.32755096083304,1168.922078773563,2853.7362258370254,574.0549674609679,1949.2690778466065,315.33184269310135,221.5456140733883,107.60075888882041
2025-10-12 22:34:58.646077,440.3191540051268,1145.5579531893814,2879.88984712943,599.6406064829463,1973.8785578347258,318.9154270603435,216.91361298915083,106.19116472513254
2025-10-13 22:34:58.646077,442.00532717668455,1140.3441030749607,2897.488871988848,590.4216259954741,2004.641582752192,312.7725961782453,215.18078794706312,105.55213911854437
2025-10-14 22:34:58.646077,429.40852733431,1112.4562312571036,2863.7891555533492,617.3514730994152,1969.9392320763059,311.11635515596856,220.37793539366547,105.52360120091065
2025-10-15 22:34:58.646077,418.3839926462952,1149.3321819133978,2867.4891358179166,628.4599710399051,1968.3029261498143,318.03426332561196,229.55907824255115,105.08113839368451
2025-10-16 22:34:58.646077,414.9388879223386,1117.0326977968318,2893.6310176882434,619.8113126889816,2094.6052063209913,318.97275204708666,237.39883241898644,104.36404265939574
2025-10-17 22:34:58.646077,408.71793041905255,1107.760332543215,2835.952665959468,629.7965928552552,2202.9513733474755,332.41679382080264,234.89316198233357,102.90678930594866
2025-10-18 22:34:58.646077,410.7262517964071,1111.2107972169133,2854.7275866599375,645.2983188016401,2231.5670730301135,334.903178730563,229.15435007418242,102.83155870835274
2025-10-19 22:34:58.646077,405.2141571705705,1143.7975714265338,2832.3137355277354,655.5232313781023,2233.888135639034,336.19486147458355,229.91044426379443,101.29451444940534
2025-10-20 22:34:58.646077,396.71091819192276,1111.5227573838006,2851.990340259651,629.9869187882065,2241.7088435252977,334.458718815656,221.01160738846414,102.0745388988134
2025-10-21 22:34:58.646077,405.51184340854707,1137.9361783841757,2826.153846394789,618.7237421404863,2282.7445325948897,335.3964528617957,222.62713366123862,102.16889635038049
2025-10-22 22:34:58.646077,404.2196213201049,1138.738037880364,2765.225967886443,615.0807178521801,2212.4730340560695,334.61013028171226,221.9487315923804,100.68994895927379
2025-10-23 22:34:58.646077,404.7099086242796,1116.9537821901652,2711.4962191263708,614.1206778924593,2195.168627293228,339.00890039191177,219.71752470845993,100.38867549231077
2025-10-24 22:34:58.646077,396.1417049821786,1127.8352235480918,2713.3319545611143,623.834103328246,2085.0644081011824,344.98245475960925,212.05301558053495,99.64363450665704
2025-10-25 22:34:58.646077,392.98614281333136,1132.8892718849963,2722.059848115444,626.7926521736877,2109.828079375431,340.2397014184913,214.49145611446409,99.97163595270821
2025-10-26 22:34:58.646077,393.71860565210824,1119.8561313021885,2692.7928063980958,606.0560891653129,2150.581261560772,332.2229078515935,212.0206392726924,101.3217033563282
2025-10-27 22:34:58.646077,386.99983557698005,1121.9794252249146,2713.697251829325,611.9984365593057,2119.1922508847897,321.37526622236237,206.60602006167696,99.43187883954984
2025-10-28 22:34:58.646077,389.25816161399104,1113.894136378761,2659.862272432445,621.5239741277509,2219.047748212485,324.44242159150434,193.59195464757667,99.55619461908553
2025-10-29 22:34:58.646077,385.8289605628334,1116.9800095520031,2658.0191006989853,630.4085109169106,2137.224867408018,318.1285777551564,193.51348642499087,99.40672812094414
2025-10-30 22:34:58.646077,384.21796791066475,1132.330234099803,2619.658052326361,647.6309676658003,2043.120192645515,305.9277007830868,201.0971899987399,100.08402599832029
2025-10-31 22:34:58.646077,380.82701412680905,1168.8142950710946,2599.428965628382,661.3271022538114,2056.673341909527,308.1898571264379,208.48704975465165,100.30741016975307
2025-11-01 22:34:58.646077,391.48414308471587,1140.4631732248426,2601.167422274771,669.117206164708,2121.07384953557,322.1428420409785,206.4321768648321,99.56315994883204
2025-11-02 22:34:58.646077,391.4831806714245,1189.6863250325546,2574.5705884314016,668.1442142060632,2228.013791876419,322.2364965652446,203.73851247600084,99.25545608453612
2025-11-03 22:34:58.646077,385.35033672708005,1143.8337249879746,2562.9472607647367,640.6006215265497,2197.11897650082,327.228853095979,205.88042231013097,98.47528253542345
2025-11-04 22:34:58.646077,390.18192617720706,1140.9333036374246,2594.152460277654,647.6731441678943,2267.998968464758,327.8417293258652,201.39954204592883,99.54473113351327
2025-11-05 22:34:58.646077,383.1146956588389,1154.928384168867,2576.45332997203,651.2302895448919,2265.1520534947686,327.3893032291324,202.77699846350785,99.57590022999722
2025-11-06 22:34:58.646077,384.3915992874875,1161.9963580363078,2602.548436004566,655.8471677512805,2253.194725800913,332.93638351925773,206.23510997072515,101.47898556044763
2025-11-07 22:34:58.646077,373.16926661243417,1148.1058647316763,2567.5272891553727,635.11012346705,2312.7011436447287,331.32998484720775,211.84316457651866,101.42757548051189
2025-11-08 22:34:58.646077,365.80932725887226,1143.9009901397153,2584.1074821007605,618.1359076827513,2357.7287095383344,333.05722848580126,211.4187601662854,100.71919842984278
2025-11-09 22:34:58.646077,366.96269426817355,1133.1940554888643,2629.0679119522156,634.5961383281465,2245.9917852869958,335.1190394125445,210.51371398002036,99.20466934692895
2025-11-10 22:34:58.646077,371.100932094359,1120.4033597349323,2551.353363802957,634.1589784724347,2345.2561109923413,331.2230700691296,206.48961446956235,97.42579106017064
2025-11-11 22:34:58.646077,372.12907621399296,1140.0015022936038,2527.210562451619,645.1537208178282,2442.1216158425023,337.2701309248947,202.77458387105708,95.89217666533506
2025-11-12 22:34:58.646077,371.55796070187273,1148.7114668515953,2544.963876809149,645.8040095772757,2396.04639781828,336.3428823764142,201.80480720049127,96.15791944310972
2025-11-13 22:34:58.646077,369.9541101676188,1133.366758633673,2539.017455122844,646.4781666350463,2424.257702094592,331.9020084342195,203.47616291798468,96.65671463307841
2025-11-14 22:34:58.646077,361.8233216800077,1154.3249739107307,2550.579507078995,661.8366099518047,2459.9449708492775,335.2400057408566,207.60649742399795,95.13805331987375
2025-11-15 22:34:58.646077,357.9888400057414,1161.9966066260595,2532.348418151903,653.4967285971181,2478.9362699303183,329.9524583384281,203.97962501086332,95.99908915368476
2025-11-16 22:34:58.646077,355.58688468457905,1181.4684654042874,2535.23295912974,655.263142947726,2437.7632341414155,330.25181128051327,210.71893813606155,95.54495485292782
2025-11-17 22:34:58.646077,361.2964840487962,1196.936932069825,2530.7503457278262,647.886922926012,2388.401695211513,330.3297038321669,209.50420262275182,95.69476266544196
2025-11-18 22:34:58.646077,363.23096454374513,1177.6903056343747,2566.4677990377627,641.0436784075376,2386.331853447726,336.91849980546834,209.44761962805353,97.24714284556083
2025-11-19 22:34:58.646077,353.69774909422745,1165.0847551783888,2574.5600006385057,636.2811706288247,2470.048838686015,339.9320903020705,206.0464715857517,98.12901817044029
2025-11-20 22:34:58.646077,355.4879052014332,1183.0805052954063,2585.247596357224,640.0055433862957,2510.0834017191123,339.9149287429888,195.09854553815083,97.87532458398061
2025-11-21 22:34:58.646077,353.5056213845427,1198.1143887889802,2572.728473876904,632.5375007554823,2481.924206876684,345.0543722342655,198.93203660969272,97.0128548331466
2025-11-22 22:34:58.646077,349.9868865236142,1198.2125959738335,2557.932005723761,652.5850830364254,2539.134945767206,353.8269434589863,202.19662387347913,94.93501856706104
2025-11-23 22:34:58.646077,353.268064099295,1201.623365242485,2544.9103457287933,638.1856740462387,2321.8960088961558,357.52110391944507,200.98562658871253,94.26178373176931
2025-11-24 22:34:58.646077,358.80200579310645,1232.929616759696,2557.2109808197674,635.3956595937213,2401.6832541407894,357.7307354023604,201.32203548212578,94.07219478102635
2025-11-25 22:34:58.646077,363.8859438146771,1218.9587638536086,2544.54814827255,628.6011981462003,2276.0958423306947,349.4267131742518,203.6474384260736,93.15294055288437
2025-11-26 22:34:58.646077,359.37802909588476,1232.906026184707,2553.6507559937577,651.5290793005395,2251.1197231519186,342.867258863504,196.687581767838,93.03998612241264
2025-11-27 22:34:58.646077,357.78304268862195,1228.5367884050788,2617.5043068907685,654.9260668386474,2175.279281683233,341.12067772809826,194.43764126602062,93.12079310226453
2025-11-28 22:34:58.646077,359.6324058734453,1223.802469473103,2645.128129278314,672.0170918042772,2090.572940039622,337.51461612047535,197.87409771289856,92.92071750797719
2025-11-29 22:34:58.646077,364.9668969711969,1251.3080872050757,2635.0441539023163,647.260647892119,2163.167674838618,336.5137221109753,192.45346199907132,92.32602251780645
2025-11-30 22:34:58.646077,362.41664933016716,1272.5907443046783,2673.290678995917,651.7761042891441,2132.599874466302,336.9914701873395,193.73486997901176,92.49096727047558
2025-12-01 22:34:58.646077,361.4798440964247,1293.9323363403723,2660.4671589715012,666.4676394761083,2154.5552385192855,340.339301696103,187.99163856324617,92.9089715487508
2025-12-02 22:34:58.646077,355.55337315641214,1328.3633273682235,2595.6648449865816,668.0385701704279,2151.3069936248785,340.0435543286704,189.95830549775832,91.90518387727646
2025-12-03 22:34:58.646077,349.2447543282845,1329.5855236910838,2564.524561095554,686.0335313990616,2181.879700961007,343.1573432171631,189.84734845603938,93.21109439365404
2025-12-04 22:34:58.646077,353.57115899756184,1348.3846124223674,2507.2087115896243,677.3674109041237,2186.6899967317254,343.69285379450093,183.1394910872843,93.12852042604898
2025-12-05 22:34:58.646077,360.83478361107143,1340.6916263218423,2496.883620427628,701.4367717929665,2102.3061398565205,331.6091635842346,187.86893398324338,93.155387653046
2025-12-06 22:34:58.646077,360.5171942182199,1350.0541144213341,2497.6851713814294,741.9604947873142,2164.9296447863067,326.1349472128208,184.8703551682254,93.82444308321072
2025-12-07 22:34:58.646077,366.0161606268692,1347.2151381582958,2548.181491286014,735.4527859899573,2132.6447038959986,325.41954541887867,181.6119128115101,94.05263926385723
2025-12-08 22:34:58.646077,368.074833300479,1350.502234374944,2558.4331528289895,727.4822700625106,2032.842355154896,318.46386359744895,182.44960181639638,94.95849468776971
2025-12-09 22:34:58.646077,364.5866630751122,1367.2527033452616,2551.962347463789,754.1333007107094,2006.5303519565166,322.03025032516655,187.09659713152328,95.24063932239896
2025-12-10 22:34:58.646077,366.6359806756621,1345.5620408752548,2577.6168854660145,784.1397396001875,2096.6693010484305,331.0321277523484,182.9527667272477,94.66687411527433
2025-12-11 22:34:58.646077,375.1678010447164,1402.543559755147,2509.481130651975,774.1250983835847,2149.9386488915243,338.426628525283,183.23761626257533,95.01856488981498
2025-12-12 22:34:58.646077,375.04122296023,1375.0251675465418,2516.8273222172047,766.2254068850043,2127.2362340631757,337.2617736552431,185.0029206791898,93.94131451783916
2025-12-13 22:34:58.646077,383.91831925742383,1342.3218821156838,2540.3606199300784,761.0575113426179,2104.734901130213,346.4464473017735,187.86090562034732,94.0526910639341
2025-12-14 22:34:58.646077,368.90858086260033,1374.0841944050467,2495.540948728679,735.7057245947442,2084.215732108379,347.5121215034813,188.6277001494671,94.03084263259909
2025-12-15 22:34:58.646077,373.53046587622003,1396.5274604037409,2530.0419234247142,719.0299989136595,2213.8590351040243,345.5425800549415,187.14233011160044,93.8445516823085
2025-12-16 22:34:58.646077,374.09289294867773,1414.6577333958526,2540.571848839731,701.195524552661,2239.004186752995,341.8655757854583,183.7724610076877,93.73331068612327
2025-12-17 22:34:58.646077,372.4898636560371,1433.142938941056,2528.165080625978,687.9464777996907,2267.6662377904886,340.1410504922521,184.15749471442942,91.97876460473174
2025-12-18 22:34:58.646077,373.07706101587854,1433.508482889919,2547.61522134456,687.5563280902652,2337.529641288575,337.9004792374126,179.85059265584908,91.48325208997362
2025-12-19 22:34:58.646077,362.0289308896944,1408.5008020746639,2617.288203117185,691.7884905258786,2354.041190441732,339.0721464468967,168.32761722651722,91.57733795014623
2025-12-20 22:34:58.646077,360.9084229953673,1411.3404680960366,2623.2618887844133,718.8114869601234,2335.5119098830173,340.1878062650012,169.97795432539868,91.73288791227561
2025-12-21 22:34:58.646077,362.9138787052082,1392.9320237920404,2631.3379862219326,701.086421592809,2321.521036360778,340.3425333279561,173.39222780915205,90.79934511593892
2025-12-22 22:34:58.646077,371.0316853823364,1420.7939998781192,2617.096314608411,718.5491242203268,2316.302169358352,343.15542592607204,164.41319563316955,91.95767948103675
2025-12-23 22:34:58.646077,368.2214716308697,1417.3256319725376,2590.6685294320678,714.9206515423139,2313.4840007261328,350.6470692283712,160.79379113070974,91.17036095831841
2025-12-24 22:34:58.646077,363.8295453612738,1394.6343280658139,2616.7410947103886,714.2510620494661,2363.7534315558546,356.7805788000538,163.01618542921457,92.06333562347089
2025-12-25 22:34:58.646077,361.1640007146084,1386.367330683375,2590.120972086588,726.5151008423729,2367.2006741876653,347.38720141200736,170.42770005252683,92.46583133616771
2025-12-26 22:34:58.646077,366.1953878811299,1398.5100079091026,2592.60436672678,706.3411928047934,2418.9931366618953,331.55656501032195,170.5397497155804,91.8775384649329
2025-12-27 22:34:58.646077,368.0744340604788,1383.4417743370482,2578.003105776059,713.3058890691304,2412.893651749305,337.26522584336846,167.8424819989562,93.51783816700885
2025-12-28 22:34:58.646077,365.2231811394511,1361.383614365446,2593.0786438271757,716.4881643450245,2418.344512929664,329.10212018111764,167.20069905763214,92.41092659020171
2025-12-29 22:34:58.646077,368.1080832461331,1368.6993417077385,2603.720496645247,725.5239983487927,2273.132548643255,327.9022871636777,172.29150576223114,93.26956657148624
2025-12-30 22:34:58.646077,368.7177303220334,1376.0894030709308,2636.3984369223413,730.9866253164248,2335.393263266055,321.12715880381546,169.87749295940733,94.21213231937301
2025-12-31 22:34:58.646077,374.1488226040542,1362.8254651407194,2620.5267995250883,776.07571038933,2359.435329512073,310.8396422208147,166.92464429937448,93.5897479338692
2026-01-01 22:34:58.646077,370.28356729137886,1350.668017914222,2612.302278199564,763.9351703194088,2429.8415953515146,313.9935235305025,165.18522983221698,94.9023116730594
2026-01-02 22:34:58.646077,368.5377053772085,1357.6118005021383,2581.881588212698,754.0231696390447,2218.4753575311124,318.40977740633093,161.75379916244486,94.67450198161438
2026-01-03 22:34:58.646077,366.44381333305864,1318.9718785996067,2568.374425316029,742.5028167183028,2357.2437445907804,315.23294344667255,162.2226824947229,94.9572886875859
2026-01-04 22:34:58.646077,358.47266211877326,1282.5032617678996,2580.259850002507,732.4144844233418,2347.136616882965,300.65696263379346,168.05344038115697,95.21397897641349
2026-01-05 22:34:58.646077,360.1366220115973,1264.7163722556927,2603.956604000775,720.9634196630619,2424.9335972422305,297.821045878838,169.28153190321905,95.09561967744388
2026-01-06 22:34:58.646077,361.61888279421737,1259.9497282941943,2575.401657830701,742.6106442965411,2349.0400192627653,300.0405489132226,168.37557488633593,95.8761723911689
2026-01-07 22:34:58.646077,361.7189434079502,1268.4142612143378,2602.534212336078,769.205466860473,2391.9880280333964,292.17336323278397,167.32830441774996,96.64652662202911
2026-01-08 22:34:58.646077,360.5184680463084,1306.475725663946,2645.1315926422467,758.46069926697,2316.1561067609296,293.2545444980685,161.6073165936198,94.966295855681
2026-01-09 22:34:58.646077,352.9365623652939,1329.5391930986884,2658.519182489727,742.9055127263653,2272.582102524548,293.2910320246476,164.77941208647005,96.21447609928295
2026-01-10 22:34:58.646077,350.7802329648893,1325.9510718137783,2718.6590064396,751.8838147707938,2402.8486462683504,296.46656646915744,164.53019668251832,94.6245395904118
2026-01-11 22:34:58.646077,349.04712684226666,1326.109756124677,2693.6868446375006,741.7291906867671,2388.8629329474816,297.2232815580806,163.90982601688802,95.6110441362874
2026-01-12 22:34:58.646077,344.91644763134514,1300.183531577786,2653.72369331685,753.6883095675655,2404.206566588486,292.1362334824647,175.45700551186192,96.69785978635906
2026-01-13 22:34:58.646077,344.1509795000484,1300.3522138528717,2597.346280866585,757.7379337743797,2466.7208224767865,298.5452020244547,176.64529930813995,95.65258838333196
2026-01-14 22:34:58.646077,346.30562716805673,1293.495231956447,2644.234957036168,729.251834808795,2503.155415426138,297.8127117239531,173.7590205566542,95.26919914229317
2026-01-15 22:34:58.646077,356.1728401656042,1302.4906779536484,2665.2629390504553,757.6836355453901,2514.2007567943742,297.7854673074738,172.1639358376471,94.22533007966192
2026-01-16 22:34:58.646077,357.1767728650305,1281.5927114427911,2663.751692184077,791.928618744699,2541.4768935767256,292.9021360587141,176.5482291594204,94.0322425624697
2026-01-17 22:34:58.646077,358.6280734807308,1295.5453219458066,2672.9672701787104,780.0340747993805,2724.4695011537256,290.68220718462123,177.02348799397757,93.75199424144485
2026-01-18 22:34:58.646077,358.29932316518097,1335.9077491768753,2637.1338222692502,772.7075743317467,2719.487634547275,286.168944762442,171.4574950341897,94.49231673818497
2026-01-19 22:34:58.646077,348.0585666135568,1333.6698325489608,2714.794838847431,778.4616454203572,2735.6222769096385,285.392560093903,174.9591777238712,95.73990706049027
2026-01-20 22:34:58.646077,347.98975260461617,1345.0516835681283,2719.276026306069,785.2042284903661,2821.5745218134916,294.29987669302136,172.42241488366264,97.08570743450493
2026-01-21 22:34:58.646077,348.3737429929876,1364.2897961690214,2723.1176496171606,798.3670834476837,2914.8720785304604,287.15009057410373,179.5628669468151,96.54963119967424
2026-01-22 22:34:58.646077,361.315350860953,1354.0243211509467,2747.1061362186215,838.7286219414226,3018.38183614403,278.9249331824841,183.86538311684632,96.35728321530482
2026-01-23 22:34:58.646077,360.3450693888975,1360.7698667226898,2763.237447777224,835.269972921194,3075.9179489714893,286.42273269108887,182.09272193558897,94.7448036369934
2026-01-24 22:34:58.646077,362.0470548727339,1361.7929588467223,2770.9375081601675,818.8507109673529,2970.1366773716836,285.4581107108832,187.26094311532827,93.99075810528598
2026-01-25 22:34:58.646077,361.9309548738404,1365.1341477911742,2744.9303380969527,790.8599529178772,3115.385110825834,282.1344336368592,187.5779424156839,94.90702854563604
2026-01-26 22:34:58.646077,355.65862969337934,1344.7114738147143,2760.734604694226,776.6456284793844,3007.9343512365253,287.52835997058054,191.13461169333218,96.44982090001392
2026-01-27 22:34:58.646077,361.82658336220913,1346.0430118026454,2823.3599200063054,776.2354242012485,3034.9427861552495,284.50900174213047,193.2111214294599,95.26893860589439
2026-01-28 22:34:58.646077,365.97998908089517,1360.1225757049585,2869.2255164049498,811.2932794395443,2965.9637703830126,293.9740969567354,189.65220224806419,94.71403108844075
2026-01-29 22:34:58.646077,370.3957130288331,1400.2773006238506,2924.3669796151767,801.0383032166258,2959.960213637362,297.6789542204684,187.00501854349545,94.69849253469438
2026-01-30 22:34:58.646077,365.41729395036623,1427.8423425325186,2906.7196293897346,805.7601827341194,2988.8579272431325,295.18368856303374,191.2797920666026,94.97327077801775
2026-01-31 22:34:58.646077,373.1794569252249,1490.0443653844495,2872.4922562760617,805.6710878954246,3017.373773276668,306.7642015621216,189.90926139489986,94.21386116189201
2026-02-01 22:34:58.646077,365.4069625420669,1467.9217493196852,2868.443642054565,829.8491417584563,3055.26481444626,303.5422974576176,188.26079845379442,94.62280683168126
2026-02-02 22:34:58.646077,368.69666895595265,1494.2656788947986,2870.6486116630726,882.5224141233049,3202.868745795725,307.71834639134335,184.34258354647494,94.18390902229302
2026-02-03 22:34:58.646077,380.8846136807233,1500.492045067737,2908.628148884945,871.0745810710339,3246.126784105108,309.4991944526378,186.09737367825042,94.1797156995396
2026-02-04 22:34:58.646077,375.30158992044755,1566.9579287214533,2849.8460085440656,860.6774470115752,3222.025269626679,316.8749759786029,194.57886350656213,94.7036226227908
2026-02-05 22:34:58.646077,372.18866366410776,1542.41001954563,2902.4387876183055,883.402793194308,3314.892463650154,325.9081947821509,190.04795377261166,94.71917510721865
2026-02-06 22:34:58.646077,372.8194380229047,1517.2773168951837,2897.2257324540387,898.727435197049,3432.849977187905,326.22630552011987,190.18722624337332,94.31530590893831
2026-02-07 22:34:58.646077,370.078419254122,1499.847058256711,2882.674205180694,940.4892168880667,3306.0808883845248,321.9326709319222,196.1341625147454,94.22135861765038
2026-02-08 22:34:58.646077,361.54442886751093,1436.886606702838,2847.951666495056,954.5008176965354,3365.001868905192,324.72688508984703,195.82974060063162,94.14752397283412
2026-02-09 22:34:58.646077,361.9885661768,1422.4960430249926,2791.681039864299,946.2135530806407,3435.448796367348,320.8954726259349,197.81783928207355,93.808582502171
2026-02-10 22:34:58.646077,356.29283691739533,1401.6100269026817,2819.5365645101315,960.4695572964054,3404.4373261038836,332.6533941577188,193.2338742214139,93.57519044246179
2026-02-11 22:34:58.646077,358.89515934458296,1406.5267006983113,2822.2991904384617,987.3795990939793,3544.6021111216787,333.60399645891005,195.09331667075733,95.08048509580884
2026-02-12 22:34:58.646077,354.0172847706927,1416.843742149736,2778.893553121068,1007.9289971520677,3528.2910303931335,331.5437289263084,194.32910223626723,95.62331807641768
2026-02-13 22:34:58.646077,362.3186417722017,1470.7169822757478,2735.984809870722,1021.0137809875949,3541.2303095224606,332.7784791686616,198.5822006090867,95.35033232386309
2026-02-14 22:34:58.646077,358.13429646491306,1499.4084303504842,2725.2339863119714,1048.547324069421,3522.489570795157,324.8422870785284,203.80937922123832,96.02441569794226
2026-02-15 22:34:58.646077,356.4758042063349,1482.857850469655,2780.0881999258613,1079.5134323268414,3523.783632816936,319.2910401176665,215.46124298042403,95.713469924988
2026-02-16 22:34:58.646077,360.8970874316394,1456.9548544271693,2771.7059665131087,1117.1387662674476,3407.5401682056663,326.3178218280208,218.25188187643235,96.84587956915964
2026-02-17 22:34:58.646077,354.3060366467575,1472.0174123526267,2721.9878936096047,1135.5913819845125,3259.9884773878434,322.58993537161774,219.85985675526194,97.21354738940953
2026-02-18 22:34:58.646077,355.5857542729696,1433.8852956767923,2714.2331766544003,1131.1876131045674,3415.6045225376047,316.6399583133887,220.84404943001883,97.11895652353707
2026-02-19 22:34:58.646077,362.6288915571837,1487.1242742045692,2705.621775639289,1135.675987007656,3328.476411733432,319.82527699011615,219.17233540692183,97.56348642571561
2026-02-20 22:34:58.646077,353.9576193823097,1522.9473170115793,2618.3312750859714,1170.2717713380823,3229.1487825941094,326.77913397539385,220.8482683523214,96.04064123297002
2026-02-21 22:34:58.646077,355.00869932153813,1509.4181946584847,2616.8871648485174,1146.7219340005963,3020.2173558020413,331.13874655308575,219.45718242823503,94.96809059474784
2026-02-22 22:34:58.646077,356.46361085283513,1458.4561751936646,2609.896898268721,1157.6350948249246,2962.021233264498,337.2081417310341,220.31441323114794,93.8437396220969
2026-02-23 22:34:58.646077,360.71527463382176,1498.6766737717744,2631.9622099435255,1146.5988150206995,2844.154429293515,332.7494706089483,226.7447621283042,93.98726714171693
2026-02-24 22:34:58.646077,354.0946124580052,1495.9928482227097,2690.6219970014104,1147.7667641630817,2983.9743545706547,324.3666489572308,221.76908948093026,95.62500936926747
2026-02-25 22:34:58.646077,347.1519327903315,1533.7761316493352,2727.2649869957554,1184.7952081294068,3074.0740060573653,333.26208179854103,227.37481957247573,97.76825284405759
2026-02-26 22:34:58.646077,349.9392585265024,1485.6331179811534,2718.737744960663,1190.810978193545,3010.3038460056523,331.4597214440154,234.00882815382724,98.40184108347287
2026-02-27 22:34:58.646077,351.56814532338205,1468.5669068563273,2682.9093736886844,1192.550650270347,3213.4183006523162,330.0957665808562,233.44779021131131,98.90452145189141
2026-02-28 22:34:58.646077,352.95943855463975,1469.4552047872676,2766.0267582822057,1152.3659823354349,3307.7416543076797,338.11956762908216,222.59694834825635,97.13308437100056
2026-03-01 22:34:58.646077,354.86426292503535,1471.570649950293,2768.2689582348453,1174.2106227222926,3275.177131206513,341.64011596118945,219.66488270966974,96.61568187968271
2026-03-02 22:34:58.646077,351.31548870371404,1459.0603725075703,2769.008505447622,1193.5112454664857,3029.2697203245684,344.5802639313204,225.97670709501108,95.86422080422719
2026-03-03 22:34:58.646077,352.60966661827524,1477.9654157799691,2768.4837754413397,1258.4160198169648,3237.163282337084,358.1464034664159,225.90821414927927,95.27863651386242
2026-03-04 22:34:58.646077,354.2302913581715,1447.1462770517064,2775.34135717506,1249.1107180875138,3101.89137698224,354.1411347118395,220.98688297286023,95.12795923978388
2026-03-05 22:34:58.646077,350.50546375234904,1443.7489713566902,2770.811098252161,1256.3290268818755,2948.465742298053,360.1973455699419,218.5770103476627,94.68838190338127
2026-03-06 22:34:58.646077,360.38502724939116,1447.9443797332235,2752.014070698274,1264.5386246068538,3038.6213123598436,360.7110720806802,222.66301041883048,92.82368377811008
2026-03-07 22:34:58.646077,363.0185386065578,1463.5659282929275,2734.229710093575,1314.7867512135776,3260.7219599921195,362.5992722690169,225.38576454915471,93.52720399757048
2026-03-08 22:34:58.646077,356.60416349540833,1485.1276170498186,2733.4284734902567,1312.0488546531365,3395.807751134243,372.72029968178487,224.24610003743723,92.53325015991686
2026-03-09 22:34:58.646077,360.1874305840588,1452.4654402606416,2715.8768634262024,1321.594716142296,3452.9159791834027,376.2764403165787,222.48125249498938,92.76388638420057
2026-03-10 22:34:58.646077,354.9934467736273,1408.6267166926198,2692.916434692179,1342.0760149372068,3514.1797906862275,380.0728172770064,220.60825418465183,94.69716246412025
2026-03-11 22:34:58.646077,359.25559360875684,1445.3264241834693,2696.6250188472422,1348.7397284506033,3603.8000439988473,387.56220233826593,216.17556722571288,93.83600106000198
2026-03-12 22:34:58.646077,365.5709238648104,1455.6551318483716,2688.643746024329,1334.0912815676359,3685.4904705524136,385.17127331420323,223.90130697013907,91.47106403344263
2026-03-13 22:34:58.646077,361.14377414979316,1434.5921940531366,2737.437026512739,1340.964853136235,3716.2117709085646,379.5070316128909,222.35839179650085,91.21860003491167
2026-03-14 22:34:58.646077,366.43476227323976,1479.8149004676575,2650.6284152994413,1377.3597036365036,3727.4571508029026,372.52161058069004,228.3570625224078,92.23200186091033
2026-03-15 22:34:58.646077,368.77690843818795,1483.9783488665457,2685.611627067368,1342.4258913332158,3720.085009022416,359.4854333992169,236.04560576018665,94.04744812151624
2026-03-16 22:34:58.646077,373.39801588517014,1519.7213678015792,2726.0381988055324,1347.2911674340382,3635.5686295902137,372.9344047753494,241.27704669652596,92.90049284935743
2026-03-17 22:34:58.646077,384.0965765323656,1522.533414063889,2658.485110930514,1324.1136900316617,3604.5926675903147,365.6779401434147,239.03422047023474,93.37121892500802
2026-03-18 22:34:58.646077,382.75960481849563,1586.045832242834,2647.8186010428485,1364.0703641783105,3421.159616753683,364.367875071674,241.20514407765657,92.94609000161947
2026-03-19 22:34:58.646077,378.5086603933561,1642.5198757054088,2636.281286492899,1312.536232389563,3410.724433994503,362.69810849200485,241.12499080250961,92.85690975787287
2026-03-20 22:34:58.646077,373.534028398063,1635.1625643989626,2592.0177537258946,1294.5898638688284,3309.2290062194243,364.8501126363981,236.37930353782133,95.32165096427659
2026-03-21 22:34:58.646077,369.03774167146696,1667.7536746343233,2568.0835795407093,1307.1866075777261,3199.337189934273,370.3532453312326,238.11335946293528,93.89852699884355
2026-03-22 22:34:58.646077,368.6847476089834,1690.1141137004652,2534.1157687877594,1358.7395646814057,3216.283517656389,376.23761131020444,231.98458937133003,94.1461746560987
2026-03-23 22:34:58.646077,370.64514750447887,1737.2220409941408,2587.654654306965,1356.91374952311,3350.2741096079276,372.4393444261996,238.09249922441938,94.59590450390922
2026-03-24 22:34:58.646077,372.2575880659419,1704.5649259427958,2616.9679703599454,1338.4868768604988,3442.237452682344,371.4679515365742,235.70643606733753,95.63247348941574
2026-03-25 22:34:58.646077,376.9509182011755,1728.8055935278708,2657.1610946307537,1401.8360241925466,3279.712149019518,373.5059878335464,236.79669911701004,95.73574045003183
2026-03-26 22:34:58.646077,377.0998245110417,1766.2661997884832,2680.4379979201076,1351.509623771428,3182.013315128978,371.9834129831686,238.31985438023764,96.0402284890314
2026-03-27 22:34:58.646077,385.3971561571965,1705.0212907063274,2644.3898024896234,1277.62239137911,3271.5015071975113,382.89451242616553,237.01007004722123,95.6736923328544
2026-03-28 22:34:58.646077,383.94426572511577,1665.5241822215876,2628.0098089496796,1292.0599859444865,3174.748087383897,386.4315192961138,240.11662351887705,95.94074338383935
2026-03-29 22:34:58.646077,399.68695487797606,1598.4291342082215,2643.7055836964637,1276.2304995887596,3153.0360026756766,391.69773081231574,237.6559370680315,95.6210762378296
2026-03-30 22:34:58.646077,403.5179584238733,1590.6157941127058,2605.198600906533,1244.030157028557,3204.7507212225614,396.5280935018709,242.2589857206701,96.22499207612556
2026-03-31 22:34:58.646077,398.4104850073677,1614.2377829100085,2627.7491509194274,1266.4337856348156,3111.3311684469563,405.0623810659646,235.13377273079564,95.87895705876264
2026-04-01 22:34:58.646077,392.09034511122,1663.5481321397574,2620.4337475030666,1274.5326522925493,3120.855778229996,406.54425644306133,235.83455384670913,96.25010487920642
2026-04-02 22:34:58.646077,395.0063548172324,1666.8451108771997,2608.909473757385,1256.9415962548762,2995.6446574285246,397.2169217053989,245.94158277701231,96.23156440083193
2026-04-03 22:34:58.646077,393.7613177841628,1721.9715306253206,2631.4283270628607,1217.0869823698145,2941.3005798701965,400.2335391951636,240.57826356951946,97.32480332952956
2026-04-04 22:34:58.646077,398.0572566795034,1675.3026079822225,2645.720034645796,1243.9985198875981,2969.223693461973,395.7011248629751,237.0392636428928,97.28451696945629
2026-04-05 22:34:58.646077,400.96250318976837,1619.0666384253575,2634.524421648419,1264.592952018808,2827.0281289784666,392.0942694323055,239.76663093741732,95.56935934874654
2026-04-06 22:34:58.646077,400.604670743554,1618.077463222074,2671.4392662470796,1261.8369024457693,2864.1024603951228,396.38948662807144,240.76185407793952,96.78492657839787
2026-04-07 22:34:58.646077,395.59634889848513,1631.315454900304,2637.0504699019034,1320.4693211923666,2862.1287101024036,405.38320546046725,242.66721021028104,95.91799272866899
2026-04-08 22:34:58.646077,386.6864476998939,1631.0644036705548,2656.805214329554,1285.5401093634996,2909.2814180488076,405.70057526197576,245.32735652748465,95.3005049787742
2026-04-09 22:34:58.646077,384.1738657795386,1564.4373115518913,2675.979949028537,1236.8976765196246,2928.5333667911873,408.1181426477637,248.8021418790872,94.74236680808552
2026-04-10 22:34:58.646077,389.18579108465724,1562.4310759072516,2666.3074662446706,1215.8732587225484,3048.0884364395265,420.78607633347525,254.92600765293804,96.05401622454828
2026-04-11 22:34:58.646077,390.513461890508,1522.4494177419654,2677.0089479376124,1214.8523502437067,3059.234488350282,422.7778913077211,257.27540840406306,94.01222077017215
2026-04-12 22:34:58.646077,383.294398136595,1543.6014940917175,2637.08574196597,1222.607343496697,3019.518997674474,442.74581627979785,255.96133093004684,96.97148907092644
2026-04-13 22:34:58.646077,384.36674619736533,1555.6909268468933,2666.590312270669,1215.6007013034625,3030.295434787931,447.4297011403561,259.79988610981763,98.0052602330198
2026-04-14 22:34:58.646077,386.6651673590999,1527.2255231919914,2660.940272352812,1226.6643511863647,3079.3830113579993,433.4279570288654,270.7108065138129,98.23384663777675
2026-04-15 22:34:58.646077,381.61614714021727,1512.2933225199756,2644.515149541027,1188.6518805977523,3083.5888391717053,439.47867596771965,269.9750301291238,98.18974553406179
2026-04-16 22:34:58.646077,382.57243010939015,1481.0126384557252,2678.0690505327884,1231.9118139562354,3087.03552286657,442.66966511990773,264.24085641056587,98.47994932808007
2026-04-17 22:34:58.646077,382.98298035845363,1479.8965740703818,2655.7014849748743,1229.7513123206165,3021.714621003788,453.12355254122684,270.72949535354337,99.0029984264181
2026-04-18 22:34:58.646077,376.4935043876599,1508.9067593146056,2611.0816220479837,1264.4701380929591,2961.319527696472,458.7954198192984,270.066645153735,99.65168150266588
2026-04-19 22:34:58.646077,378.5893723453845,1479.9138388112997,2562.5689002822046,1275.6836282859413,2836.4165243127886,457.83552450385616,257.2118158257324,100.21531586369248
2026-04-20 22:34:58.646077,381.8496961477349,1495.5727040050947,2581.460464227191,1290.6331484704617,2985.0087342082206,447.9291686607653,262.0585292925964,100.31511095795163
2026-04-21 22:34:58.646077,388.12950790874805,1480.4597139545258,2542.0540772651516,1309.4043518845415,2873.3219546806954,446.42304327862547,259.0246200222558,100.12718221375346
2026-04-22 22:34:58.646077,394.34230888867285,1457.7236180824345,2595.837663133772,1324.4529616116727,2813.3064309650467,439.76715776423794,258.5605172671998,99.98572925561035
2026-04-23 22:34:58.646077,386.2720775587696,1455.3320662203232,2531.245037672441,1346.131699070201,2752.392106913615,435.34775197169364,260.5006435025314,99.80084736304572
2026-04-24 22:34:58.646077,380.9154975759616,1425.927305290927,2583.0279233425517,1391.2658974226877,2826.0123514445177,440.13414420650713,261.64449999296033,100.94233961160417
2026-04-25 22:34:58.646077,383.9344544016461,1410.8509957025744,2589.826994256055,1398.5186072300962,2800.7238071921374,453.5398736829171,265.7805605441766,101.55158388795758
2026-04-26 22:34:58.646077,386.97014322366704,1377.7558768506442,2587.0803342216354,1423.727036501855,2905.2811626565954,456.94327659646916,263.2873527993386,98.5757278153833
2026-04-27 22:34:58.646077,390.03715840636477,1432.5829867545037,2570.4220488163523,1420.960176260406,2846.2902458250833,447.2899408608414,266.3120841506694,99.23214435237581
2026-04-28 22:34:58.646077,412.65579247881135,1434.3096375400257,2582.990470246947,1472.5451946208022,2869.8285676778933,451.0484502583314,264.8446974013809,99.43530846866071
2026-04-29 22:34:58.646077,416.272042778938,1414.9543315638687,2582.0822483614043,1448.0865023272913,2797.6224997000136,460.9441676349079,269.20240718230883,99.42664888982495
2026-04-30 22:34:58.646077,423.445860618707,1421.7172447608714,2616.5262510359034,1513.71886658783,2977.382261402164,456.06917958311095,272.900732639702,99.05030067648907
2026-05-01 22:34:58.646077,429.5900712574429,1419.2341288769355,2620.3744593568267,1512.6532860594602,2871.006489181392,455.15142746836193,267.3391108294249,100.17364273564554
2026-05-02 22:34:58.646077,433.87345748266836,1413.6715939993376,2625.362659565935,1459.0004155495049,2897.4043066188115,455.45382438971194,273.7797395045184,101.13283187291177
2026-05-03 22:34:58.646077,431.90842781601407,1431.7430301529712,2614.1698287377903,1464.110725538884,2952.2038021155927,449.2012770273617,270.6063049398994,100.36131208371572
2026-05-04 22:34:58.646077,436.9118875433371,1454.150029350995,2612.644859343741,1439.6215828476707,2988.5571597996304,454.62270871575384,275.47106797024344,100.77987123114906
2026-05-05 22:34:58.646077,431.93442207247534,1439.448539178299,2622.556244339988,1470.3086842376708,2971.646021296806,453.8148138504241,277.7520568102784,99.81071481239267
2026-05-06 22:34:58.646077,430.486457336316,1423.591048941324,2568.998346400008,1446.760809235191,2959.7754217193324,457.4233604588102,289.0399117561888,98.44368913191647
2026-05-07 22:34:58.646077,427.4384181144062,1416.4716217845707,2527.693412794286,1431.0568198553328,2963.369607715754,450.2990560246731,287.6767268063841,97.83656994451815
2026-05-08 22:34:58.646077,428.04884808738564,1351.9677374867981,2550.491107188698,1363.8851331659387,2950.004632838005,446.93340857273876,285.5234752761783,98.6900897943173
2026-05-09 22:34:58.646077,442.996261854706,1311.6739327111256,2555.9756456650716,1348.8719520943678,3035.013068175945,452.9235964619485,285.4585953972793,99.64059876643051
2026-05-10 22:34:58.646077,430.67698860393364,1348.1876365954931,2550.5881601065303,1267.5390427062164,3235.9785527891254,450.0651971222716,283.6116910672228,100.16180421107535
2026-05-11 22:34:58.646077,435.1964710844933,1393.2162330926146,2551.40742737959,1217.727837703509,3181.534011144602,464.2356570714318,288.6596166678732,100.89808941386191
2026-05-12 22:34:58.646077,424.75578653865483,1386.97362015046,2562.3044386585007,1241.2426084294364,3050.473614700546,461.0818947243307,278.45294937696127,101.4289932524715
2026-05-13 22:34:58.646077,421.8339008332719,1403.6604929259836,2545.9643256063796,1265.9991971776658,3042.0895055646592,463.1310925453958,272.0538184658417,100.78848782786221
2026-05-14 22:34:58.646077,428.8086117854406,1413.100114079444,2522.4404892550383,1279.8447202281423,3277.2164977186635,471.0907575779516,265.7172322614736,101.2338948780095
2026-05-15 22:34:58.646077,429.30783089410573,1500.8220005697858,2528.620829317006,1249.2891908599483,3197.8743094804718,459.25197210328224,271.32566397692415,102.05430400485986
2026-05-16 22:34:58.646077,422.4534283672304,1535.1780647374105,2499.1864859881684,1248.1738455794703,3354.8052077205425,444.87988434294135,281.59086191043866,102.83429620207059
2026-05-17 22:34:58.646077,418.00518148839376,1532.018128159073,2511.6800018761555,1248.4358828563809,3523.3205100415894,432.84062781076415,281.0001172823963,104.06719032969906
2026-05-18 22:34:58.646077,422.3499132304296,1503.5060316793733,2460.6150275929062,1212.656812535694,3464.454113806756,442.850722589732,280.0126609774962,104.81470896151134
2026-05-19 22:34:58.646077,417.8073289600937,1455.9517500536851,2491.2493590188906,1258.598264394268,3523.2441414764717,438.62882886260894,280.50020434690384,105.19355984829265
2026-05-20 22:34:58.646077,419.24746020304144,1462.6043906629754,2505.6267820564176,1286.5820102776743,3695.008982935455,459.00207961421086,287.7262606165455,106.32980833568752
2026-05-21 22:34:58.646077,419.6178978671288,1441.2108544396262,2513.5755242462187,1279.8607716066297,3652.613069778298,454.5238456644373,281.91368117809174,106.31224131239335
2026-05-22 22:34:58.646077,415.6004739250246,1400.9361101860623,2543.4676978603575,1281.1049831041325,3629.939799949518,456.21554862763014,283.448452417159,105.38533182923855
2026-05-23 22:34:58.646077,429.048956713695,1383.520432213105,2594.5550100433734,1288.163320940435,3566.2328049571274,469.0616565320691,289.58634380482204,105.22402170136549
2026-05-24 22:34:58.646077,433.2145009325354,1354.2853172008156,2626.3965327551473,1222.7975707219841,3457.3104194151933,486.1869437536701,292.8366817022285,104.45072758291045
2026-05-25 22:34:58.646077,420.1413268077804,1400.6598827477549,2568.64078402753,1215.6082124211107,3389.622067723781,504.4223887534895,294.1166109719324,103.75594403497625
2026-05-26 22:34:58.646077,421.40041252108585,1426.0577614610202,2529.456365109218,1195.2472535696381,3264.8222573832163,515.5956433584381,300.65276854592275,103.61637291827206
2026-05-27 22:34:58.646077,417.301536264776,1426.5434014011726,2510.743894805039,1165.676238597027,3267.834069130924,525.305920798812,282.8327450955467,102.80565777514188
2026-05-28 22:34:58.646077,422.72082267463554,1469.4807640173915,2511.7810645348304,1157.8341431666104,3192.0229430208437,531.1186856307999,287.10726906858565,102.4993364646796
2026-05-29 22:34:58.646077,417.7801415611157,1472.4893291960552,2527.635196147284,1210.2170643969848,3214.091240552275,538.7723711160086,283.0333130931679,100.5686439295006
2026-05-30 22:34:58.646077,417.14467848805407,1447.8609379434329,2505.874972400745,1229.969103673862,3063.746114397925,533.6425346288462,271.6910576909848,100.79320738298546
2026-05-31 22:34:58.646077,420.3878987657146,1492.6903055148018,2511.741729827337,1212.774781652452,3093.851730559829,525.9967285750582,274.8009577516281,100.80450174100555
2026-06-01 22:34:58.646077,425.93127144930804,1509.5251666226122,2489.2249820020256,1230.498963027877,3170.906795997138,526.1751781024284,283.16053698753717,99.99092006784896
2026-06-02 22:34:58.646077,418.34780108199834,1478.9649457271573,2471.207439794467,1273.9157480574477,2980.931208363992,524.773803540457,282.3609292003121,100.66010496922875
2026-06-03 22:34:58.646077,416.3324027951156,1474.0743435459867,2429.7407441248374,1303.7455580280382,3014.084222325722,520.7025533301727,288.33660132246223,101.61393006442071
2026-06-04 22:34:58.646077,413.44964243679595,1448.9968526766595,2403.065108986374,1306.0802524431217,3124.7917461170573,527.437827347465,298.62160297520677,99.99058670110358
2026-06-05 22:34:58.646077,409.4805513012667,1409.6479019420087,2364.327182127945,1285.3482927703437,3011.0829788133183,536.7183563443227,307.31988825770156,99.23793277877064
2026-06-06 22:34:58.646077,420.4062350456389,1436.4644106270553,2336.876210946247,1308.170400861317,3161.8694978606422,537.7871364634618,318.4692139854393,98.48457560399353
2026-06-07 22:34:58.646077,423.0441688381595,1492.038823814257,2366.65666395956,1321.4315003410811,3201.2998136530045,552.3049914019753,323.7324925209267,97.56876448133809
2026-06-08 22:34:58.646077,415.12763360498155,1451.0505008688467,2339.9305151418366,1351.4013427870937,3133.271053997763,541.1758226639619,324.3344860581447,98.38782971274256
2026-06-09 22:34:58.646077,420.9261070025562,1468.1139619767532,2414.0796016456516,1373.2660638322675,3127.715537790372,539.505824283565,312.9687522730998,98.20696716435927
